mean_fit_time,std_fit_time,mean_score_time,std_score_time,param_criterion,param_max_depth,param_min_samples_split,params,split0_test_score,split1_test_score,split2_test_score,split3_test_score,split4_test_score,mean_test_score,std_test_score,rank_test_score
0.011185789108276367,0.0017168691074357166,0.0060063362121582035,0.0025990244470933395,entropy,2,2,"{'criterion': 'entropy', 'max_depth': 2, 'min_samples_split': 2}",,,,,,,,1
0.00720510482788086,0.0007618648978638638,0.003976058959960937,0.0006162546359849926,entropy,2,3,"{'criterion': 'entropy', 'max_depth': 2, 'min_samples_split': 3}",,,,,,,,1
0.006707763671875,0.00039553153935798565,0.0033983230590820313,0.0004905461563953892,entropy,2,4,"{'criterion': 'entropy', 'max_depth': 2, 'min_samples_split': 4}",,,,,,,,1
0.0060691356658935545,0.0008906453920832516,0.00311126708984375,0.000679493780302913,entropy,2,5,"{'criterion': 'entropy', 'max_depth': 2, 'min_samples_split': 5}",,,,,,,,1
0.005002403259277343,7.68472456581068e-05,0.002989530563354492,0.0004100123338612801,entropy,2,6,"{'criterion': 'entropy', 'max_depth': 2, 'min_samples_split': 6}",,,,,,,,1
0.00511016845703125,0.00047756674740744877,0.0024008750915527344,0.0004907582225872556,entropy,2,7,"{'criterion': 'entropy', 'max_depth': 2, 'min_samples_split': 7}",,,,,,,,1
0.00499873161315918,2.690646358426263e-06,0.0028008937835693358,0.00040017341959475746,entropy,2,8,"{'criterion': 'entropy', 'max_depth': 2, 'min_samples_split': 8}",,,,,,,,1
0.005286073684692383,0.00039545910086971836,0.0030112266540527344,0.0006208663523998303,entropy,2,9,"{'criterion': 'entropy', 'max_depth': 2, 'min_samples_split': 9}",,,,,,,,1
0.0058685302734375,0.000493659093789851,0.003507518768310547,0.0004404046051165679,entropy,2,10,"{'criterion': 'entropy', 'max_depth': 2, 'min_samples_split': 10}",,,,,,,,1
0.006450271606445313,0.000682224931917691,0.0032009601593017576,0.0003991375223825339,entropy,2,11,"{'criterion': 'entropy', 'max_depth': 2, 'min_samples_split': 11}",,,,,,,,1
0.006054544448852539,0.0006045860356120787,0.003179168701171875,0.0004277894968737019,entropy,2,12,"{'criterion': 'entropy', 'max_depth': 2, 'min_samples_split': 12}",,,,,,,,1
0.005389165878295898,0.0004991071276802024,0.002878141403198242,0.00046856309150345284,entropy,2,13,"{'criterion': 'entropy', 'max_depth': 2, 'min_samples_split': 13}",,,,,,,,1
0.004962730407714844,0.0001364305524853155,0.002778959274291992,0.00039193257121167816,entropy,2,14,"{'criterion': 'entropy', 'max_depth': 2, 'min_samples_split': 14}",,,,,,,,1
0.005703115463256836,0.00039799642954746543,0.0028526782989501953,0.0004393989859534753,entropy,3,2,"{'criterion': 'entropy', 'max_depth': 3, 'min_samples_split': 2}",,,,,,,,1
0.005922746658325195,0.00017884015209001524,0.0025492191314697267,0.0004388095703632446,entropy,3,3,"{'criterion': 'entropy', 'max_depth': 3, 'min_samples_split': 3}",,,,,,,,1
0.006035327911376953,0.0002512964849236935,0.0029203414916992186,0.0002188948696136693,entropy,3,4,"{'criterion': 'entropy', 'max_depth': 3, 'min_samples_split': 4}",,,,,,,,1
0.0059792518615722655,3.9227326965734424e-05,0.002820539474487305,0.0004237633716153518,entropy,3,5,"{'criterion': 'entropy', 'max_depth': 3, 'min_samples_split': 5}",,,,,,,,1
0.006095314025878906,0.00019663099334997364,0.002904033660888672,0.00019676571944712116,entropy,3,6,"{'criterion': 'entropy', 'max_depth': 3, 'min_samples_split': 6}",,,,,,,,1
0.0056626319885253905,0.000554015205302865,0.0027251243591308594,0.00037925839232098976,entropy,3,7,"{'criterion': 'entropy', 'max_depth': 3, 'min_samples_split': 7}",,,,,,,,1
0.005866289138793945,0.000255590499271627,0.0032511234283447267,0.0003853645984871148,entropy,3,8,"{'criterion': 'entropy', 'max_depth': 3, 'min_samples_split': 8}",,,,,,,,1
0.006012058258056641,2.4955308094511574e-05,0.002987051010131836,2.588949136024279e-05,entropy,3,9,"{'criterion': 'entropy', 'max_depth': 3, 'min_samples_split': 9}",,,,,,,,1
0.0060351848602294925,9.267923590285405e-05,0.0025516510009765624,0.00045616707425172494,entropy,3,10,"{'criterion': 'entropy', 'max_depth': 3, 'min_samples_split': 10}",,,,,,,,1
0.005983829498291016,2.8256373817581573e-05,0.003112983703613281,0.00022223018139362472,entropy,3,11,"{'criterion': 'entropy', 'max_depth': 3, 'min_samples_split': 11}",,,,,,,,1
0.006011152267456054,2.5797991984704293e-05,0.002988767623901367,2.5249596898213963e-05,entropy,3,12,"{'criterion': 'entropy', 'max_depth': 3, 'min_samples_split': 12}",,,,,,,,1
0.0057980060577392575,0.0004001387927289715,0.00260162353515625,0.0004900768677770249,entropy,3,13,"{'criterion': 'entropy', 'max_depth': 3, 'min_samples_split': 13}",,,,,,,,1
0.006093502044677734,0.00021412404312749116,0.002494335174560547,0.0006240791643227061,entropy,3,14,"{'criterion': 'entropy', 'max_depth': 3, 'min_samples_split': 14}",,,,,,,,1
0.007232046127319336,0.00038673244441384463,0.002967548370361328,5.711454284530723e-05,entropy,4,2,"{'criterion': 'entropy', 'max_depth': 4, 'min_samples_split': 2}",,,,,,,,1
0.00700068473815918,9.5367431640625e-07,0.0026235103607177733,0.0004682041790345268,entropy,4,3,"{'criterion': 'entropy', 'max_depth': 4, 'min_samples_split': 3}",,,,,,,,1
0.006774187088012695,0.00041174462022984743,0.0029619216918945314,7.083791137359912e-05,entropy,4,4,"{'criterion': 'entropy', 'max_depth': 4, 'min_samples_split': 4}",,,,,,,,1
0.006812763214111328,0.0003744128402615451,0.0026660919189453124,0.0004247124245202469,entropy,4,5,"{'criterion': 'entropy', 'max_depth': 4, 'min_samples_split': 5}",,,,,,,,1
0.007014751434326172,0.00033879798533521777,0.002877616882324219,0.00045776698985486774,entropy,4,6,"{'criterion': 'entropy', 'max_depth': 4, 'min_samples_split': 6}",,,,,,,,1
0.00693202018737793,0.00013781146596099925,0.0026063442230224608,0.0004760623931944371,entropy,4,7,"{'criterion': 'entropy', 'max_depth': 4, 'min_samples_split': 7}",,,,,,,,1
0.007123088836669922,0.00023104187829761029,0.003220653533935547,0.00039537862684890985,entropy,4,8,"{'criterion': 'entropy', 'max_depth': 4, 'min_samples_split': 8}",,,,,,,,1
0.00700836181640625,1.5719289680236128e-05,0.002992105484008789,1.5167919427544437e-05,entropy,4,9,"{'criterion': 'entropy', 'max_depth': 4, 'min_samples_split': 9}",,,,,,,,1
0.007002496719360351,5.419178256043777e-05,0.002801036834716797,0.0004021897306908134,entropy,4,10,"{'criterion': 'entropy', 'max_depth': 4, 'min_samples_split': 10}",,,,,,,,1
0.007419395446777344,0.0003431990652331974,0.0035617828369140627,0.0005009670882056503,entropy,4,11,"{'criterion': 'entropy', 'max_depth': 4, 'min_samples_split': 11}",,,,,,,,1
0.00803823471069336,0.0010370747062691905,0.0033598899841308593,0.0004917870751687928,entropy,4,12,"{'criterion': 'entropy', 'max_depth': 4, 'min_samples_split': 12}",,,,,,,,1
0.008401823043823243,0.0012004398082647433,0.004264688491821289,0.0009478494571140398,entropy,4,13,"{'criterion': 'entropy', 'max_depth': 4, 'min_samples_split': 13}",,,,,,,,1
0.009944820404052734,0.0002936604881068034,0.003914403915405274,0.0002531826781679851,entropy,4,14,"{'criterion': 'entropy', 'max_depth': 4, 'min_samples_split': 14}",,,,,,,,1
0.010632514953613281,0.00040483881922494914,0.0036397933959960937,0.0004031488724074083,entropy,5,2,"{'criterion': 'entropy', 'max_depth': 5, 'min_samples_split': 2}",,,,,,,,1
0.01092391014099121,0.00027876470411840776,0.0044021129608154295,0.00047132091814596817,entropy,5,3,"{'criterion': 'entropy', 'max_depth': 5, 'min_samples_split': 3}",,,,,,,,1
0.009351634979248047,0.0015840165127143369,0.002999114990234375,0.00021196617954629782,entropy,5,4,"{'criterion': 'entropy', 'max_depth': 5, 'min_samples_split': 4}",,,,,,,,1
0.008539485931396484,0.0006964690029397729,0.0031924724578857424,0.00038216965954596647,entropy,5,5,"{'criterion': 'entropy', 'max_depth': 5, 'min_samples_split': 5}",,,,,,,,1
0.009946584701538086,0.001109607966583028,0.0037442684173583985,0.0010650962351301373,entropy,5,6,"{'criterion': 'entropy', 'max_depth': 5, 'min_samples_split': 6}",,,,,,,,1
0.010594320297241212,0.0017383408134936966,0.0034241676330566406,0.0005221520600168189,entropy,5,7,"{'criterion': 'entropy', 'max_depth': 5, 'min_samples_split': 7}",,,,,,,,1
0.011217498779296875,0.001957179917125452,0.00378265380859375,0.0007417301792244687,entropy,5,8,"{'criterion': 'entropy', 'max_depth': 5, 'min_samples_split': 8}",,,,,,,,1
0.007812881469726562,0.00040777873706429764,0.0030031204223632812,3.3784846465908723e-06,entropy,5,9,"{'criterion': 'entropy', 'max_depth': 5, 'min_samples_split': 9}",,,,,,,,1
0.00798048973083496,0.0006205342045562634,0.0026979446411132812,0.0005878225419158478,entropy,5,10,"{'criterion': 'entropy', 'max_depth': 5, 'min_samples_split': 10}",,,,,,,,1
0.008269309997558594,0.0005157987897379489,0.003215456008911133,0.0004343300408240741,entropy,5,11,"{'criterion': 'entropy', 'max_depth': 5, 'min_samples_split': 11}",,,,,,,,1
0.010259246826171875,0.0030820840176278854,0.0035694599151611327,0.00045962075199983815,entropy,5,12,"{'criterion': 'entropy', 'max_depth': 5, 'min_samples_split': 12}",,,,,,,,1
0.008622026443481446,0.00045184289008126183,0.0028028011322021483,0.00040161597689804875,entropy,5,13,"{'criterion': 'entropy', 'max_depth': 5, 'min_samples_split': 13}",,,,,,,,1
0.008452558517456054,0.00048538784975845733,0.0030146121978759767,0.0005992756800516972,entropy,5,14,"{'criterion': 'entropy', 'max_depth': 5, 'min_samples_split': 14}",,,,,,,,1
0.010112237930297852,0.00027466678771537423,0.003064727783203125,0.0008254949547261345,entropy,6,2,"{'criterion': 'entropy', 'max_depth': 6, 'min_samples_split': 2}",,,,,,,,1
0.008961296081542969,0.0006666375943299066,0.0028012752532958984,0.0004002360346791666,entropy,6,3,"{'criterion': 'entropy', 'max_depth': 6, 'min_samples_split': 3}",,,,,,,,1
0.009572935104370118,0.0004714386375478173,0.0030737876892089843,9.803099367988907e-05,entropy,6,4,"{'criterion': 'entropy', 'max_depth': 6, 'min_samples_split': 4}",,,,,,,,1
0.009315729141235352,0.00036692211887509287,0.0024910926818847655,0.00047559831384720813,entropy,6,5,"{'criterion': 'entropy', 'max_depth': 6, 'min_samples_split': 5}",,,,,,,,1
0.009347200393676758,0.0005330857946005748,0.0028261184692382813,0.0003518215778998903,entropy,6,6,"{'criterion': 'entropy', 'max_depth': 6, 'min_samples_split': 6}",,,,,,,,1
0.00887441635131836,0.0006841888954298102,0.0027291297912597655,0.00038371312776097367,entropy,6,7,"{'criterion': 'entropy', 'max_depth': 6, 'min_samples_split': 7}",,,,,,,,1
0.008760452270507812,0.0006666308478246146,0.0026466846466064453,0.00043083473519265947,entropy,6,8,"{'criterion': 'entropy', 'max_depth': 6, 'min_samples_split': 8}",,,,,,,,1
0.009348535537719726,0.0004342000614145331,0.002653646469116211,0.0004347749173421342,entropy,6,9,"{'criterion': 'entropy', 'max_depth': 6, 'min_samples_split': 9}",,,,,,,,1
0.010139179229736329,0.0004449681102457403,0.0030004501342773436,3.1787554383275907e-06,entropy,6,10,"{'criterion': 'entropy', 'max_depth': 6, 'min_samples_split': 10}",,,,,,,,1
0.00921645164489746,0.0003918881651879275,0.0031847000122070313,0.00038981542966274674,entropy,6,11,"{'criterion': 'entropy', 'max_depth': 6, 'min_samples_split': 11}",,,,,,,,1
0.00927877426147461,0.00039271849226155277,0.0028281211853027344,0.0003474957783464622,entropy,6,12,"{'criterion': 'entropy', 'max_depth': 6, 'min_samples_split': 12}",,,,,,,,1
0.010830068588256836,0.0010007885221674424,0.0032999515533447266,0.0005413703639377742,entropy,6,13,"{'criterion': 'entropy', 'max_depth': 6, 'min_samples_split': 13}",,,,,,,,1
0.010027074813842773,0.0011393570007891174,0.002934122085571289,0.0005377570791442268,entropy,6,14,"{'criterion': 'entropy', 'max_depth': 6, 'min_samples_split': 14}",,,,,,,,1
0.01061091423034668,0.0013819501953278616,0.003215646743774414,0.0003556409509044211,entropy,7,2,"{'criterion': 'entropy', 'max_depth': 7, 'min_samples_split': 2}",,,,,,,,1
0.010983800888061524,4.0974880864907374e-05,0.0028143405914306642,0.0004113137569563891,entropy,7,3,"{'criterion': 'entropy', 'max_depth': 7, 'min_samples_split': 3}",,,,,,,,1
0.010651254653930664,0.0004990503433436023,0.002980804443359375,3.845584516693539e-05,entropy,7,4,"{'criterion': 'entropy', 'max_depth': 7, 'min_samples_split': 4}",,,,,,,,1
0.010449981689453125,0.0004583013029786335,0.0029479026794433593,9.323960202416654e-05,entropy,7,5,"{'criterion': 'entropy', 'max_depth': 7, 'min_samples_split': 5}",,,,,,,,1
0.010684013366699219,0.0004185376598727956,0.003023242950439453,4.14778714532725e-05,entropy,7,6,"{'criterion': 'entropy', 'max_depth': 7, 'min_samples_split': 6}",,,,,,,,1
0.010399246215820312,0.0004907394257006226,0.0028008460998535157,0.00040038291811794654,entropy,7,7,"{'criterion': 'entropy', 'max_depth': 7, 'min_samples_split': 7}",,,,,,,,1
0.0105377197265625,0.00043807210607332755,0.002798175811767578,0.0004196083707416426,entropy,7,8,"{'criterion': 'entropy', 'max_depth': 7, 'min_samples_split': 8}",,,,,,,,1
0.010605096817016602,0.0008595974147579093,0.0032812118530273437,0.0005498098807617392,entropy,7,9,"{'criterion': 'entropy', 'max_depth': 7, 'min_samples_split': 9}",,,,,,,,1
0.010414600372314453,0.0004789975341156491,0.0026799678802490235,0.0005493862841122494,entropy,7,10,"{'criterion': 'entropy', 'max_depth': 7, 'min_samples_split': 10}",,,,,,,,1
0.010555124282836914,0.0004498537854574039,0.0029100894927978514,0.00034233578570534636,entropy,7,11,"{'criterion': 'entropy', 'max_depth': 7, 'min_samples_split': 11}",,,,,,,,1
0.010599088668823243,0.0004901407595123095,0.002386140823364258,0.0005022530427606639,entropy,7,12,"{'criterion': 'entropy', 'max_depth': 7, 'min_samples_split': 12}",,,,,,,,1
0.010597515106201171,0.0004895418303153009,0.0026519298553466797,0.0004645773067971528,entropy,7,13,"{'criterion': 'entropy', 'max_depth': 7, 'min_samples_split': 13}",,,,,,,,1
0.010609817504882813,0.0004607954409745075,0.003599071502685547,0.0011950069059541405,entropy,7,14,"{'criterion': 'entropy', 'max_depth': 7, 'min_samples_split': 14}",,,,,,,,1
0.015289640426635743,0.0005603104361771461,0.0031929492950439455,0.0004059043476627339,entropy,8,2,"{'criterion': 'entropy', 'max_depth': 8, 'min_samples_split': 2}",,,,,,,,1
0.014339637756347657,0.0014178595013635037,0.003348970413208008,0.0005251919311787401,entropy,8,3,"{'criterion': 'entropy', 'max_depth': 8, 'min_samples_split': 3}",,,,,,,,1
0.012239933013916016,0.0009955345048195023,0.0029916763305664062,7.655531102491921e-05,entropy,8,4,"{'criterion': 'entropy', 'max_depth': 8, 'min_samples_split': 4}",,,,,,,,1
0.012587165832519532,0.0004736427020823675,0.0028081417083740236,0.00040633695712984254,entropy,8,5,"{'criterion': 'entropy', 'max_depth': 8, 'min_samples_split': 5}",,,,,,,,1
0.016190814971923827,0.001961302694516112,0.0035988330841064454,0.0004945102184049198,entropy,8,6,"{'criterion': 'entropy', 'max_depth': 8, 'min_samples_split': 6}",,,,,,,,1
0.012521314620971679,0.0005823616800733556,0.002811431884765625,0.00040526706787677967,entropy,8,7,"{'criterion': 'entropy', 'max_depth': 8, 'min_samples_split': 7}",,,,,,,,1
0.012436485290527344,0.0007852160402451931,0.002762889862060547,0.0003883938205583545,entropy,8,8,"{'criterion': 'entropy', 'max_depth': 8, 'min_samples_split': 8}",,,,,,,,1
0.012193059921264649,0.00038357210773391667,0.002999734878540039,1.7993891014207086e-06,entropy,8,9,"{'criterion': 'entropy', 'max_depth': 8, 'min_samples_split': 9}",,,,,,,,1
0.012652063369750976,0.0004440789497665086,0.0027554512023925783,0.0003872734310219721,entropy,8,10,"{'criterion': 'entropy', 'max_depth': 8, 'min_samples_split': 10}",,,,,,,,1
0.012250757217407227,0.0003652513991599809,0.002565813064575195,0.00044902584220263893,entropy,8,11,"{'criterion': 'entropy', 'max_depth': 8, 'min_samples_split': 11}",,,,,,,,1
0.011807680130004883,0.000405856859642134,0.0031920433044433593,0.0004062178129600046,entropy,8,12,"{'criterion': 'entropy', 'max_depth': 8, 'min_samples_split': 12}",,,,,,,,1
0.012218046188354491,0.00039277795993674383,0.0027989864349365233,0.00039982306364246044,entropy,8,13,"{'criterion': 'entropy', 'max_depth': 8, 'min_samples_split': 13}",,,,,,,,1
0.01194934844970703,7.671084344638367e-05,0.002811098098754883,0.0004049810183491518,entropy,8,14,"{'criterion': 'entropy', 'max_depth': 8, 'min_samples_split': 14}",,,,,,,,1
0.014424514770507813,0.0007704909357255453,0.0028362274169921875,0.00040173113167062976,entropy,9,2,"{'criterion': 'entropy', 'max_depth': 9, 'min_samples_split': 2}",,,,,,,,1
0.01463303565979004,0.000454717264447961,0.003366422653198242,0.0008163147351332578,entropy,9,3,"{'criterion': 'entropy', 'max_depth': 9, 'min_samples_split': 3}",,,,,,,,1
0.014835691452026368,0.0005637544226763284,0.002809476852416992,0.0002704416066889121,entropy,9,4,"{'criterion': 'entropy', 'max_depth': 9, 'min_samples_split': 4}",,,,,,,,1
0.014814043045043945,0.0004077301958953481,0.0028891563415527344,0.00019436306055039315,entropy,9,5,"{'criterion': 'entropy', 'max_depth': 9, 'min_samples_split': 5}",,,,,,,,1
0.014011192321777343,0.0006341050452129259,0.0027808189392089845,0.0003926430910689183,entropy,9,6,"{'criterion': 'entropy', 'max_depth': 9, 'min_samples_split': 6}",,,,,,,,1
0.014011335372924805,7.465987868865979e-05,0.0028020858764648436,0.000316918810797723,entropy,9,7,"{'criterion': 'entropy', 'max_depth': 9, 'min_samples_split': 7}",,,,,,,,1
0.014228248596191406,0.0005467620707997815,0.002786588668823242,0.0004107894526214637,entropy,9,8,"{'criterion': 'entropy', 'max_depth': 9, 'min_samples_split': 8}",,,,,,,,1
0.014470338821411133,0.0004623138021007442,0.003618669509887695,0.00045555571696108003,entropy,9,9,"{'criterion': 'entropy', 'max_depth': 9, 'min_samples_split': 9}",,,,,,,,1
0.014225959777832031,0.0004013981380578497,0.0028496742248535155,0.00043024733260365314,entropy,9,10,"{'criterion': 'entropy', 'max_depth': 9, 'min_samples_split': 10}",,,,,,,,1
0.013778448104858398,0.000412811149864842,0.0030012607574462892,3.504023183989303e-07,entropy,9,11,"{'criterion': 'entropy', 'max_depth': 9, 'min_samples_split': 11}",,,,,,,,1
0.013966894149780274,0.0006509310596108712,0.003112030029296875,0.00022824065481866682,entropy,9,12,"{'criterion': 'entropy', 'max_depth': 9, 'min_samples_split': 12}",,,,,,,,1
0.014043140411376952,0.0001292761203801295,0.002990245819091797,0.0006318442316978909,entropy,9,13,"{'criterion': 'entropy', 'max_depth': 9, 'min_samples_split': 13}",,,,,,,,1
0.013446617126464843,0.0004305322907589548,0.002788400650024414,0.0004322702974535058,entropy,9,14,"{'criterion': 'entropy', 'max_depth': 9, 'min_samples_split': 14}",,,,,,,,1
0.017413854598999023,0.0005271417638473888,0.0031919479370117188,0.0009831975540905296,entropy,10,2,"{'criterion': 'entropy', 'max_depth': 10, 'min_samples_split': 2}",,,,,,,,1
0.01906452178955078,0.0024126587214249517,0.0034319400787353516,0.0007452662078020995,entropy,10,3,"{'criterion': 'entropy', 'max_depth': 10, 'min_samples_split': 3}",,,,,,,,1
0.01778688430786133,0.0007191805065965026,0.0033844470977783202,0.0008125000374857328,entropy,10,4,"{'criterion': 'entropy', 'max_depth': 10, 'min_samples_split': 4}",,,,,,,,1
0.01695404052734375,0.00033907295190177555,0.0027990818023681642,0.00039253179834659066,entropy,10,5,"{'criterion': 'entropy', 'max_depth': 10, 'min_samples_split': 5}",,,,,,,,1
0.016605472564697264,0.0004959206992743947,0.0030448436737060547,0.0005677635587046229,entropy,10,6,"{'criterion': 'entropy', 'max_depth': 10, 'min_samples_split': 6}",,,,,,,,1
0.0166015625,0.00048765926588165197,0.002996683120727539,2.4940908188708653e-05,entropy,10,7,"{'criterion': 'entropy', 'max_depth': 10, 'min_samples_split': 7}",,,,,,,,1
0.01674966812133789,0.0010062279853343297,0.0031925201416015624,0.00040299227717011983,entropy,10,8,"{'criterion': 'entropy', 'max_depth': 10, 'min_samples_split': 8}",,,,,,,,1
0.01678042411804199,0.0007690271361032545,0.0029993057250976562,0.0006348262225510723,entropy,10,9,"{'criterion': 'entropy', 'max_depth': 10, 'min_samples_split': 9}",,,,,,,,1
0.015668106079101563,0.0006582261133594597,0.0028978824615478516,0.00017255587116577948,entropy,10,10,"{'criterion': 'entropy', 'max_depth': 10, 'min_samples_split': 10}",,,,,,,,1
0.015675830841064452,0.0006322545767257313,0.002821540832519531,0.0004122067513851988,entropy,10,11,"{'criterion': 'entropy', 'max_depth': 10, 'min_samples_split': 11}",,,,,,,,1
0.015417766571044923,0.0008136393364456531,0.0027817726135253907,0.0003971780353141958,entropy,10,12,"{'criterion': 'entropy', 'max_depth': 10, 'min_samples_split': 12}",,,,,,,,1
0.015469026565551759,0.0005861342282707238,0.002531576156616211,0.0004459721688479692,entropy,10,13,"{'criterion': 'entropy', 'max_depth': 10, 'min_samples_split': 13}",,,,,,,,1
0.015294218063354492,0.0007447127052988434,0.0027348995208740234,0.0004131636723884442,entropy,10,14,"{'criterion': 'entropy', 'max_depth': 10, 'min_samples_split': 14}",,,,,,,,1
0.019884014129638673,0.00025037636258548807,0.0027686119079589843,0.0003938317455852685,entropy,11,2,"{'criterion': 'entropy', 'max_depth': 11, 'min_samples_split': 2}",,,,,,,,1
0.02023181915283203,0.0007075788920294366,0.0029915332794189452,6.1999833524319086e-06,entropy,11,3,"{'criterion': 'entropy', 'max_depth': 11, 'min_samples_split': 3}",,,,,,,,1
0.02060556411743164,0.0014568752794947243,0.002851390838623047,0.00023484487096473718,entropy,11,4,"{'criterion': 'entropy', 'max_depth': 11, 'min_samples_split': 4}",,,,,,,,1
0.01911787986755371,0.00046331132052760483,0.0032166481018066407,0.0003934512987500211,entropy,11,5,"{'criterion': 'entropy', 'max_depth': 11, 'min_samples_split': 5}",,,,,,,,1
0.01840176582336426,0.0007935110833711532,0.0026007652282714843,0.0008010162680422037,entropy,11,6,"{'criterion': 'entropy', 'max_depth': 11, 'min_samples_split': 6}",,,,,,,,1
0.018799781799316406,0.0007475008097433702,0.0033992767333984376,0.0004938617571654462,entropy,11,7,"{'criterion': 'entropy', 'max_depth': 11, 'min_samples_split': 7}",,,,,,,,1
0.018691444396972658,0.0004516579714122973,0.0029068470001220705,0.00012302337690690135,entropy,11,8,"{'criterion': 'entropy', 'max_depth': 11, 'min_samples_split': 8}",,,,,,,,1
0.018371725082397462,0.0008164641452994353,0.003065681457519531,9.964397536700599e-05,entropy,11,9,"{'criterion': 'entropy', 'max_depth': 11, 'min_samples_split': 9}",,,,,,,,1
0.017625141143798827,0.000511529145606584,0.003186607360839844,0.00040707888975771565,entropy,11,10,"{'criterion': 'entropy', 'max_depth': 11, 'min_samples_split': 10}",,,,,,,,1
0.01771202087402344,0.00038604338765453155,0.002902364730834961,0.00047079163036508774,entropy,11,11,"{'criterion': 'entropy', 'max_depth': 11, 'min_samples_split': 11}",,,,,,,,1
0.01728978157043457,0.0004609650831103877,0.002908658981323242,0.00010676504298865693,entropy,11,12,"{'criterion': 'entropy', 'max_depth': 11, 'min_samples_split': 12}",,,,,,,,1
0.019498014450073244,0.0021227434734977595,0.0033565044403076174,0.001045797983485688,entropy,11,13,"{'criterion': 'entropy', 'max_depth': 11, 'min_samples_split': 13}",,,,,,,,1
0.01683363914489746,0.0003220661241882992,0.0029973506927490233,1.5569591206484755e-05,entropy,11,14,"{'criterion': 'entropy', 'max_depth': 11, 'min_samples_split': 14}",,,,,,,,1
0.02306656837463379,0.0009611158362412484,0.0028435707092285155,0.00030344960660996394,entropy,12,2,"{'criterion': 'entropy', 'max_depth': 12, 'min_samples_split': 2}",,,,,,,,1
0.023029899597167967,0.000639496863925742,0.0030249595642089845,5.8808077534294825e-05,entropy,12,3,"{'criterion': 'entropy', 'max_depth': 12, 'min_samples_split': 3}",,,,,,,,1
0.02337508201599121,0.00040350284340697385,0.0030963897705078127,0.0004758996903406252,entropy,12,4,"{'criterion': 'entropy', 'max_depth': 12, 'min_samples_split': 4}",,,,,,,,1
0.021799802780151367,0.00039911529353312957,0.0029979705810546874,1.6696111106883618e-06,entropy,12,5,"{'criterion': 'entropy', 'max_depth': 12, 'min_samples_split': 5}",,,,,,,,1
0.02100977897644043,0.0006339779394532892,0.0031691074371337892,0.00021197433182185079,entropy,12,6,"{'criterion': 'entropy', 'max_depth': 12, 'min_samples_split': 6}",,,,,,,,1
0.02585287094116211,0.004546971857762689,0.00392003059387207,0.0008370269874568206,entropy,12,7,"{'criterion': 'entropy', 'max_depth': 12, 'min_samples_split': 7}",,,,,,,,1
0.02030482292175293,0.00039830095651076564,0.0029155731201171873,0.0001992315237387413,entropy,12,8,"{'criterion': 'entropy', 'max_depth': 12, 'min_samples_split': 8}",,,,,,,,1
0.01993837356567383,0.00015037894244709888,0.003018951416015625,4.0009052944813385e-05,entropy,12,9,"{'criterion': 'entropy', 'max_depth': 12, 'min_samples_split': 9}",,,,,,,,1
0.019456148147583008,0.0005633699958009612,0.0029603004455566405,0.0005802799183712776,entropy,12,10,"{'criterion': 'entropy', 'max_depth': 12, 'min_samples_split': 10}",,,,,,,,1
0.019256114959716797,0.0004968224908718147,0.0029967308044433595,1.2470909910795232e-06,entropy,12,11,"{'criterion': 'entropy', 'max_depth': 12, 'min_samples_split': 11}",,,,,,,,1
0.018981552124023436,4.9429547937072225e-05,0.0030030250549316407,4.78883168478538e-06,entropy,12,12,"{'criterion': 'entropy', 'max_depth': 12, 'min_samples_split': 12}",,,,,,,,1
0.018218183517456056,0.0003945216653110035,0.0029939651489257813,2.0333960112248172e-05,entropy,12,13,"{'criterion': 'entropy', 'max_depth': 12, 'min_samples_split': 13}",,,,,,,,1
0.01800088882446289,1.7463180364741143e-05,0.0028219223022460938,0.00041297173000128174,entropy,12,14,"{'criterion': 'entropy', 'max_depth': 12, 'min_samples_split': 14}",,,,,,,,1
0.026217555999755858,0.0008126747536131603,0.0027970314025878907,0.00041618773849810576,entropy,13,2,"{'criterion': 'entropy', 'max_depth': 13, 'min_samples_split': 2}",,,,,,,,1
0.026186275482177734,0.0004074275768733593,0.0028009891510009767,0.00040188194960376496,entropy,13,3,"{'criterion': 'entropy', 'max_depth': 13, 'min_samples_split': 3}",,,,,,,,1
0.025823354721069336,0.0007660015318515283,0.0031766414642333983,0.0004151859608571961,entropy,13,4,"{'criterion': 'entropy', 'max_depth': 13, 'min_samples_split': 4}",,,,,,,,1
0.02571568489074707,0.0012598755626163118,0.003194570541381836,0.0007515333469830817,entropy,13,5,"{'criterion': 'entropy', 'max_depth': 13, 'min_samples_split': 5}",,,,,,,,1
0.02320065498352051,0.0007493136082042363,0.003037261962890625,7.478342214857104e-05,entropy,13,6,"{'criterion': 'entropy', 'max_depth': 13, 'min_samples_split': 6}",,,,,,,,1
0.02498903274536133,0.0024494035066123555,0.004076147079467773,0.0010249272205675463,entropy,13,7,"{'criterion': 'entropy', 'max_depth': 13, 'min_samples_split': 7}",,,,,,,,1
0.022202491760253906,0.00035023492886568537,0.0032428741455078126,0.0003865547589284565,entropy,13,8,"{'criterion': 'entropy', 'max_depth': 13, 'min_samples_split': 8}",,,,,,,,1
0.022943687438964844,0.002547583348460542,0.00344700813293457,0.0007966080354605017,entropy,13,9,"{'criterion': 'entropy', 'max_depth': 13, 'min_samples_split': 9}",,,,,,,,1
0.02559828758239746,0.005640462458700558,0.0034268379211425783,0.0007875761785292157,entropy,13,10,"{'criterion': 'entropy', 'max_depth': 13, 'min_samples_split': 10}",,,,,,,,1
0.019831323623657228,0.0003389869733500096,0.0029992103576660157,2.3437892393960014e-06,entropy,13,11,"{'criterion': 'entropy', 'max_depth': 13, 'min_samples_split': 11}",,,,,,,,1
0.02080397605895996,0.0007864108860888087,0.0029788494110107424,5.676713824829742e-05,entropy,13,12,"{'criterion': 'entropy', 'max_depth': 13, 'min_samples_split': 12}",,,,,,,,1
0.020128154754638673,0.0006309999753334367,0.0030037403106689454,6.688983547912869e-05,entropy,13,13,"{'criterion': 'entropy', 'max_depth': 13, 'min_samples_split': 13}",,,,,,,,1
0.022917556762695312,0.003607850140181678,0.0034331321716308595,0.0005149814287750563,entropy,13,14,"{'criterion': 'entropy', 'max_depth': 13, 'min_samples_split': 14}",,,,,,,,1
0.02924342155456543,0.0007739381202062361,0.0029647350311279297,6.660768249497183e-05,entropy,14,2,"{'criterion': 'entropy', 'max_depth': 14, 'min_samples_split': 2}",,,,,,,,1
0.028420019149780273,0.0005185285733853043,0.002790212631225586,0.00039730897836256715,entropy,14,3,"{'criterion': 'entropy', 'max_depth': 14, 'min_samples_split': 3}",,,,,,,,1
0.03231945037841797,0.004215198058134985,0.003649139404296875,0.0005384534755006474,entropy,14,4,"{'criterion': 'entropy', 'max_depth': 14, 'min_samples_split': 4}",,,,,,,,1
0.026018047332763673,0.0006621834989189967,0.0028040409088134766,0.00041154527572223,entropy,14,5,"{'criterion': 'entropy', 'max_depth': 14, 'min_samples_split': 5}",,,,,,,,1
0.025821971893310546,0.0013192035297452903,0.0030044078826904296,0.0006292507009635907,entropy,14,6,"{'criterion': 'entropy', 'max_depth': 14, 'min_samples_split': 6}",,,,,,,,1
0.02427563667297363,0.000720555043414443,0.002973508834838867,0.00011496200738355995,entropy,14,7,"{'criterion': 'entropy', 'max_depth': 14, 'min_samples_split': 7}",,,,,,,,1
0.02461419105529785,0.00121754488831998,0.003189754486083984,0.0004074860306586011,entropy,14,8,"{'criterion': 'entropy', 'max_depth': 14, 'min_samples_split': 8}",,,,,,,,1
0.021677732467651367,0.0018981812886773484,0.0030024051666259766,6.121370901443944e-06,entropy,14,9,"{'criterion': 'entropy', 'max_depth': 14, 'min_samples_split': 9}",,,,,,,,1
0.022322607040405274,0.0005327014947988506,0.003001976013183594,8.222365149778416e-06,entropy,14,10,"{'criterion': 'entropy', 'max_depth': 14, 'min_samples_split': 10}",,,,,,,,1
0.021245288848876952,0.0009744489208063838,0.002994346618652344,5.278481807187902e-06,entropy,14,11,"{'criterion': 'entropy', 'max_depth': 14, 'min_samples_split': 11}",,,,,,,,1
0.022104930877685548,0.0007955082813508317,0.003141498565673828,0.0003483279807168603,entropy,14,12,"{'criterion': 'entropy', 'max_depth': 14, 'min_samples_split': 12}",,,,,,,,1
0.021272945404052734,0.0005916541464846378,0.002912759780883789,0.00012849872289413073,entropy,14,13,"{'criterion': 'entropy', 'max_depth': 14, 'min_samples_split': 13}",,,,,,,,1
0.021798133850097656,0.0007450181645202576,0.0032013893127441407,0.0003972916835557511,entropy,14,14,"{'criterion': 'entropy', 'max_depth': 14, 'min_samples_split': 14}",,,,,,,,1
0.00532073974609375,0.00047563700800598796,0.0026794910430908204,0.00041452089629770596,gini,2,2,"{'criterion': 'gini', 'max_depth': 2, 'min_samples_split': 2}",,,,,,,,1
0.0052147388458251955,0.00039316995961326436,0.0025846481323242186,0.0004771181089514671,gini,2,3,"{'criterion': 'gini', 'max_depth': 2, 'min_samples_split': 3}",,,,,,,,1
0.004998588562011718,2.8610229492187504e-07,0.002801322937011719,0.00039989966396095013,gini,2,4,"{'criterion': 'gini', 'max_depth': 2, 'min_samples_split': 4}",,,,,,,,1
0.004999017715454102,6.843900725558913e-07,0.0028656959533691407,0.00027043846226708937,gini,2,5,"{'criterion': 'gini', 'max_depth': 2, 'min_samples_split': 5}",,,,,,,,1
0.0049896717071533205,1.7312144192697275e-05,0.0027994632720947264,0.00039887168630335147,gini,2,6,"{'criterion': 'gini', 'max_depth': 2, 'min_samples_split': 6}",,,,,,,,1
0.005022430419921875,3.057586051729239e-05,0.002114391326904297,0.00022525797447441354,gini,2,7,"{'criterion': 'gini', 'max_depth': 2, 'min_samples_split': 7}",,,,,,,,1
0.00493769645690918,0.00012233270071926666,0.0029974937438964843,0.0006267709767686929,gini,2,8,"{'criterion': 'gini', 'max_depth': 2, 'min_samples_split': 8}",,,,,,,,1
0.005103683471679688,0.00018218634312716948,0.0026018619537353516,0.00035111488969396794,gini,2,9,"{'criterion': 'gini', 'max_depth': 2, 'min_samples_split': 9}",,,,,,,,1
0.004971599578857422,0.0002226848724739934,0.002930164337158203,0.00014425596858842846,gini,2,10,"{'criterion': 'gini', 'max_depth': 2, 'min_samples_split': 10}",,,,,,,,1
0.004867124557495117,0.0002955969426734052,0.00292353630065918,0.00018116011974001858,gini,2,11,"{'criterion': 'gini', 'max_depth': 2, 'min_samples_split': 11}",,,,,,,,1
0.0049896717071533205,0.00013200566491985478,0.0026063442230224608,0.00047959593940339777,gini,2,12,"{'criterion': 'gini', 'max_depth': 2, 'min_samples_split': 12}",,,,,,,,1
0.0050068855285644535,1.2774074992679115e-05,0.002996683120727539,5.048622487093515e-06,gini,2,13,"{'criterion': 'gini', 'max_depth': 2, 'min_samples_split': 13}",,,,,,,,1
0.004791116714477539,0.0003949378424015391,0.0030762672424316405,9.233941411338556e-05,gini,2,14,"{'criterion': 'gini', 'max_depth': 2, 'min_samples_split': 14}",,,,,,,,1
0.005900144577026367,0.0004632303776696049,0.002886199951171875,0.00011631255696221095,gini,3,2,"{'criterion': 'gini', 'max_depth': 3, 'min_samples_split': 2}",,,,,,,,1
0.005981826782226562,3.056507586632387e-05,0.0030152320861816405,3.19201076435479e-05,gini,3,3,"{'criterion': 'gini', 'max_depth': 3, 'min_samples_split': 3}",,,,,,,,1
0.006202793121337891,0.0003996880974229169,0.0027966022491455076,0.0004032126494807381,gini,3,4,"{'criterion': 'gini', 'max_depth': 3, 'min_samples_split': 4}",,,,,,,,1
0.005980873107910156,3.685571841001604e-05,0.002607393264770508,0.00048023920946533893,gini,3,5,"{'criterion': 'gini', 'max_depth': 3, 'min_samples_split': 5}",,,,,,,,1
0.006001615524291992,5.237834254630475e-06,0.002991342544555664,1.51823034226474e-05,gini,3,6,"{'criterion': 'gini', 'max_depth': 3, 'min_samples_split': 6}",,,,,,,,1
0.006029081344604492,4.3219021723231647e-05,0.0029783725738525392,5.108779994536118e-05,gini,3,7,"{'criterion': 'gini', 'max_depth': 3, 'min_samples_split': 7}",,,,,,,,1
0.0060177803039550785,3.646404646099929e-05,0.0029997825622558594,2.962536729242147e-06,gini,3,8,"{'criterion': 'gini', 'max_depth': 3, 'min_samples_split': 8}",,,,,,,,1
0.005930662155151367,0.00016669036279307408,0.003002500534057617,4.319523562485986e-06,gini,3,9,"{'criterion': 'gini', 'max_depth': 3, 'min_samples_split': 9}",,,,,,,,1
0.008432626724243164,0.0012166227469958453,0.003813648223876953,0.00040831604001661,gini,3,10,"{'criterion': 'gini', 'max_depth': 3, 'min_samples_split': 10}",,,,,,,,1
0.009015369415283202,8.03524236276233e-05,0.003977775573730469,4.972087852192104e-05,gini,3,11,"{'criterion': 'gini', 'max_depth': 3, 'min_samples_split': 11}",,,,,,,,1
0.007328605651855469,0.0010645743051279327,0.0032283782958984373,0.0011635462790437203,gini,3,12,"{'criterion': 'gini', 'max_depth': 3, 'min_samples_split': 12}",,,,,,,,1
0.005795955657958984,0.0007391657797833237,0.0030047416687011717,1.333388809672861e-05,gini,3,13,"{'criterion': 'gini', 'max_depth': 3, 'min_samples_split': 13}",,,,,,,,1
0.005873775482177735,0.0005228390520300727,0.0029293060302734374,0.0002843429832718669,gini,3,14,"{'criterion': 'gini', 'max_depth': 3, 'min_samples_split': 14}",,,,,,,,1
0.007004785537719727,1.8186446691059336e-05,0.002991914749145508,1.8221170129336028e-05,gini,4,2,"{'criterion': 'gini', 'max_depth': 4, 'min_samples_split': 2}",,,,,,,,1
0.007122850418090821,0.00024364043943215385,0.002273893356323242,0.000396875969599848,gini,4,3,"{'criterion': 'gini', 'max_depth': 4, 'min_samples_split': 3}",,,,,,,,1
0.006998443603515625,0.0006439296378033019,0.0029938220977783203,1.6759316849890526e-05,gini,4,4,"{'criterion': 'gini', 'max_depth': 4, 'min_samples_split': 4}",,,,,,,,1
0.007001161575317383,9.655216565759937e-07,0.0027991771697998048,0.00040050181674484064,gini,4,5,"{'criterion': 'gini', 'max_depth': 4, 'min_samples_split': 5}",,,,,,,,1
0.007000875473022461,9.454611930891307e-06,0.001995086669921875,2.1471442995958545e-05,gini,4,6,"{'criterion': 'gini', 'max_depth': 4, 'min_samples_split': 6}",,,,,,,,1
0.006585407257080078,0.0004532450288769118,0.002380514144897461,0.0004830278412856277,gini,4,7,"{'criterion': 'gini', 'max_depth': 4, 'min_samples_split': 7}",,,,,,,,1
0.0069981575012207035,1.1680077279964342e-07,0.0028015613555908204,0.0004003763873233624,gini,4,8,"{'criterion': 'gini', 'max_depth': 4, 'min_samples_split': 8}",,,,,,,,1
0.0069996356964111325,6.680939541394187e-05,0.0030208587646484374,4.144771055033465e-05,gini,4,9,"{'criterion': 'gini', 'max_depth': 4, 'min_samples_split': 9}",,,,,,,,1
0.007714986801147461,0.0004205780234041193,0.003171873092651367,0.0004040558210644705,gini,4,10,"{'criterion': 'gini', 'max_depth': 4, 'min_samples_split': 10}",,,,,,,,1
0.008005857467651367,1.6602563258118615e-05,0.002993345260620117,1.4570477025867952e-05,gini,4,11,"{'criterion': 'gini', 'max_depth': 4, 'min_samples_split': 11}",,,,,,,,1
0.0069981575012207035,3.639614036037709e-06,0.002994346618652344,1.6604206588149178e-05,gini,4,12,"{'criterion': 'gini', 'max_depth': 4, 'min_samples_split': 12}",,,,,,,,1
0.006938838958740234,0.00014656376425846866,0.0028350353240966797,0.0003265189575782657,gini,4,13,"{'criterion': 'gini', 'max_depth': 4, 'min_samples_split': 13}",,,,,,,,1
0.006987714767456054,3.751547972076386e-05,0.002476930618286133,0.0004334715456315808,gini,4,14,"{'criterion': 'gini', 'max_depth': 4, 'min_samples_split': 14}",,,,,,,,1
0.007969522476196289,0.00012833800827651424,0.0030280113220214843,5.24205633279743e-05,gini,5,2,"{'criterion': 'gini', 'max_depth': 5, 'min_samples_split': 2}",,,,,,,,1
0.00816202163696289,0.00037584376195933205,0.0030205249786376953,3.731353593816977e-05,gini,5,3,"{'criterion': 'gini', 'max_depth': 5, 'min_samples_split': 3}",,,,,,,,1
0.008463096618652344,0.0004827575878922451,0.003156709671020508,0.0004346884620193617,gini,5,4,"{'criterion': 'gini', 'max_depth': 5, 'min_samples_split': 4}",,,,,,,,1
0.008006477355957031,4.878176969805733e-05,0.0025916099548339844,0.00048223944764016563,gini,5,5,"{'criterion': 'gini', 'max_depth': 5, 'min_samples_split': 5}",,,,,,,,1
0.008034563064575196,4.046563855288221e-05,0.0029904842376708984,4.3374361843748095e-05,gini,5,6,"{'criterion': 'gini', 'max_depth': 5, 'min_samples_split': 6}",,,,,,,,1
0.007988309860229493,2.343430270673785e-05,0.003011941909790039,1.5354600745935642e-05,gini,5,7,"{'criterion': 'gini', 'max_depth': 5, 'min_samples_split': 7}",,,,,,,,1
0.008602476119995118,0.00048657433269503567,0.002999114990234375,1.0548129423807388e-05,gini,5,8,"{'criterion': 'gini', 'max_depth': 5, 'min_samples_split': 8}",,,,,,,,1
0.00784769058227539,0.00045933074247638775,0.0023998260498046876,0.0005277996236894686,gini,5,9,"{'criterion': 'gini', 'max_depth': 5, 'min_samples_split': 9}",,,,,,,,1
0.008048820495605468,0.00011479753323481749,0.002950906753540039,0.00010852021756632194,gini,5,10,"{'criterion': 'gini', 'max_depth': 5, 'min_samples_split': 10}",,,,,,,,1
0.008074188232421875,0.00010270452524959757,0.002949237823486328,0.00013618697971271699,gini,5,11,"{'criterion': 'gini', 'max_depth': 5, 'min_samples_split': 11}",,,,,,,,1
0.007802486419677734,0.0004784169016556389,0.0029700279235839845,8.275088151453805e-05,gini,5,12,"{'criterion': 'gini', 'max_depth': 5, 'min_samples_split': 12}",,,,,,,,1
0.008228731155395509,0.00039300970648157386,0.0031719207763671875,0.00034070029969475695,gini,5,13,"{'criterion': 'gini', 'max_depth': 5, 'min_samples_split': 13}",,,,,,,,1
0.009140491485595703,0.00044754689453481845,0.003555583953857422,0.000400689768092087,gini,5,14,"{'criterion': 'gini', 'max_depth': 5, 'min_samples_split': 14}",,,,,,,,1
0.009912061691284179,0.001022571536799765,0.003165531158447266,0.0007894627423316808,gini,6,2,"{'criterion': 'gini', 'max_depth': 6, 'min_samples_split': 2}",,,,,,,,1
0.008961296081542969,0.0003022163137566357,0.0027025699615478515,0.00040167262157098,gini,6,3,"{'criterion': 'gini', 'max_depth': 6, 'min_samples_split': 3}",,,,,,,,1
0.008811378479003906,0.00040905910220491345,0.0028012275695800783,0.0003992597817117766,gini,6,4,"{'criterion': 'gini', 'max_depth': 6, 'min_samples_split': 4}",,,,,,,,1
0.008902740478515626,0.00019083046901217124,0.0027046680450439455,0.00044485450295525075,gini,6,5,"{'criterion': 'gini', 'max_depth': 6, 'min_samples_split': 5}",,,,,,,,1
0.008899497985839843,0.0001672824267255802,0.0030014514923095703,4.523674478771752e-07,gini,6,6,"{'criterion': 'gini', 'max_depth': 6, 'min_samples_split': 6}",,,,,,,,1
0.00836806297302246,0.0005169418748521091,0.0030013561248779298,7.776978697919889e-07,gini,6,7,"{'criterion': 'gini', 'max_depth': 6, 'min_samples_split': 7}",,,,,,,,1
0.009505224227905274,0.001013541281908922,0.0026149749755859375,0.0005017343253168583,gini,6,8,"{'criterion': 'gini', 'max_depth': 6, 'min_samples_split': 8}",,,,,,,,1
0.009118413925170899,0.00026321776532663756,0.0030701160430908203,0.00013461223612650598,gini,6,9,"{'criterion': 'gini', 'max_depth': 6, 'min_samples_split': 9}",,,,,,,,1
0.009316110610961914,0.0004133952826548482,0.0026796340942382814,0.000413064117880841,gini,6,10,"{'criterion': 'gini', 'max_depth': 6, 'min_samples_split': 10}",,,,,,,,1
0.008792257308959961,0.00041943555953641515,0.002700614929199219,0.0006020469444486006,gini,6,11,"{'criterion': 'gini', 'max_depth': 6, 'min_samples_split': 11}",,,,,,,,1
0.008999919891357422,7.018744939198935e-06,0.002424001693725586,0.000527040390828519,gini,6,12,"{'criterion': 'gini', 'max_depth': 6, 'min_samples_split': 12}",,,,,,,,1
0.008980274200439453,0.0001171340555086496,0.002819681167602539,0.00041062038319055047,gini,6,13,"{'criterion': 'gini', 'max_depth': 6, 'min_samples_split': 13}",,,,,,,,1
0.008516216278076172,0.0002607203520174597,0.003139972686767578,0.0004203650996468479,gini,6,14,"{'criterion': 'gini', 'max_depth': 6, 'min_samples_split': 14}",,,,,,,,1
0.010270071029663087,0.0005671983388551039,0.0024049758911132814,0.00048589885176010685,gini,7,2,"{'criterion': 'gini', 'max_depth': 7, 'min_samples_split': 2}",,,,,,,,1
0.010767364501953125,0.00041520494172889475,0.0026331424713134767,0.0004036086265835281,gini,7,3,"{'criterion': 'gini', 'max_depth': 7, 'min_samples_split': 3}",,,,,,,,1
0.01020050048828125,0.0003812779302043174,0.00270233154296875,0.0003662530494855156,gini,7,4,"{'criterion': 'gini', 'max_depth': 7, 'min_samples_split': 4}",,,,,,,,1
0.01040029525756836,0.0004914606553100331,0.002590847015380859,0.0004698949526761828,gini,7,5,"{'criterion': 'gini', 'max_depth': 7, 'min_samples_split': 5}",,,,,,,,1
0.01024632453918457,0.00040634252480595826,0.0026006698608398438,0.0004908570137113035,gini,7,6,"{'criterion': 'gini', 'max_depth': 7, 'min_samples_split': 6}",,,,,,,,1
0.01059412956237793,0.00048760676271819884,0.0024333477020263674,0.000492590011192044,gini,7,7,"{'criterion': 'gini', 'max_depth': 7, 'min_samples_split': 7}",,,,,,,,1
0.010235214233398437,0.00039070805932236026,0.002899932861328125,0.00013039594891737277,gini,7,8,"{'criterion': 'gini', 'max_depth': 7, 'min_samples_split': 8}",,,,,,,,1
0.010088205337524414,0.0004927115231133929,0.0028017044067382814,0.0004024531999384013,gini,7,9,"{'criterion': 'gini', 'max_depth': 7, 'min_samples_split': 9}",,,,,,,,1
0.011435127258300782,0.0015934860622637515,0.003162097930908203,0.0007052949391719085,gini,7,10,"{'criterion': 'gini', 'max_depth': 7, 'min_samples_split': 10}",,,,,,,,1
0.013360977172851562,0.00047310909604589724,0.003729724884033203,0.000397701474506618,gini,7,11,"{'criterion': 'gini', 'max_depth': 7, 'min_samples_split': 11}",,,,,,,,1
0.011354923248291016,0.0010000856012626377,0.002794694900512695,0.0004873898218194591,gini,7,12,"{'criterion': 'gini', 'max_depth': 7, 'min_samples_split': 12}",,,,,,,,1
0.010538578033447266,0.0005050738997059216,0.002543354034423828,0.0004042083816891354,gini,7,13,"{'criterion': 'gini', 'max_depth': 7, 'min_samples_split': 13}",,,,,,,,1
0.010207653045654297,0.0003961399129615301,0.0028995513916015626,0.0004879270932558511,gini,7,14,"{'criterion': 'gini', 'max_depth': 7, 'min_samples_split': 14}",,,,,,,,1
0.011820411682128907,0.0003888968393034423,0.0029890060424804686,1.8007406628846116e-05,gini,8,2,"{'criterion': 'gini', 'max_depth': 8, 'min_samples_split': 2}",,,,,,,,1
0.011822700500488281,0.0004132484685371227,0.0027673721313476564,0.0003828825536803233,gini,8,3,"{'criterion': 'gini', 'max_depth': 8, 'min_samples_split': 3}",,,,,,,,1
0.012151765823364257,0.00025760018763057907,0.0028472900390625,0.00043704264110345066,gini,8,4,"{'criterion': 'gini', 'max_depth': 8, 'min_samples_split': 4}",,,,,,,,1
0.012095069885253907,0.0015261259072778632,0.003024578094482422,4.939973123843466e-05,gini,8,5,"{'criterion': 'gini', 'max_depth': 8, 'min_samples_split': 5}",,,,,,,,1
0.011798906326293945,0.00040070199657488864,0.003019380569458008,3.948211669921875e-05,gini,8,6,"{'criterion': 'gini', 'max_depth': 8, 'min_samples_split': 6}",,,,,,,,1
0.011373281478881836,0.0010148249444833352,0.0030242443084716798,2.0616577163209228e-05,gini,8,7,"{'criterion': 'gini', 'max_depth': 8, 'min_samples_split': 7}",,,,,,,,1
0.011005258560180664,0.0008925446104650607,0.0028030872344970703,0.00040158414685306885,gini,8,8,"{'criterion': 'gini', 'max_depth': 8, 'min_samples_split': 8}",,,,,,,,1
0.011991643905639648,1.524880201618395e-05,0.002782726287841797,0.0003754611241805643,gini,8,9,"{'criterion': 'gini', 'max_depth': 8, 'min_samples_split': 9}",,,,,,,,1
0.011816740036010742,0.0007533447176910526,0.002801942825317383,0.0004009257885058365,gini,8,10,"{'criterion': 'gini', 'max_depth': 8, 'min_samples_split': 10}",,,,,,,,1
0.0132049560546875,0.00035961870468737033,0.003581523895263672,0.0005010827571070889,gini,8,11,"{'criterion': 'gini', 'max_depth': 8, 'min_samples_split': 11}",,,,,,,,1
0.015912342071533202,0.001232140937071703,0.003969240188598633,0.0005863977612299047,gini,8,12,"{'criterion': 'gini', 'max_depth': 8, 'min_samples_split': 12}",,,,,,,,1
0.012836408615112305,0.0012629360965626865,0.0030040740966796875,0.0006324890905425187,gini,8,13,"{'criterion': 'gini', 'max_depth': 8, 'min_samples_split': 13}",,,,,,,,1
0.011381149291992188,0.0003764905520814023,0.0027971267700195312,0.0005646354008482864,gini,8,14,"{'criterion': 'gini', 'max_depth': 8, 'min_samples_split': 14}",,,,,,,,1
0.014021873474121094,0.000536967147445081,0.0028022289276123046,0.0004021931509792551,gini,9,2,"{'criterion': 'gini', 'max_depth': 9, 'min_samples_split': 2}",,,,,,,,1
0.013782024383544922,0.00039241783192707,0.0030182361602783202,4.505154846281084e-05,gini,9,3,"{'criterion': 'gini', 'max_depth': 9, 'min_samples_split': 3}",,,,,,,,1
0.013801097869873047,0.00040018673201468473,0.00279850959777832,0.0004000426582062504,gini,9,4,"{'criterion': 'gini', 'max_depth': 9, 'min_samples_split': 4}",,,,,,,,1
0.013800668716430663,0.0004001026739537946,0.0027999401092529295,0.00039992575509963476,gini,9,5,"{'criterion': 'gini', 'max_depth': 9, 'min_samples_split': 5}",,,,,,,,1
0.014014530181884765,0.0006318007126719274,0.003000783920288086,3.5343895836270183e-06,gini,9,6,"{'criterion': 'gini', 'max_depth': 9, 'min_samples_split': 6}",,,,,,,,1
0.013394594192504883,0.00046707269413893195,0.003068208694458008,0.00013737909413720929,gini,9,7,"{'criterion': 'gini', 'max_depth': 9, 'min_samples_split': 7}",,,,,,,,1
0.01314234733581543,0.0004685243081324493,0.003223133087158203,0.0003778493386166458,gini,9,8,"{'criterion': 'gini', 'max_depth': 9, 'min_samples_split': 8}",,,,,,,,1
0.013463687896728516,0.0008450527624872524,0.003042936325073242,0.00024713209934490085,gini,9,9,"{'criterion': 'gini', 'max_depth': 9, 'min_samples_split': 9}",,,,,,,,1
0.013121747970581054,0.0004855477712605619,0.0028206825256347655,0.0003441206415808128,gini,9,10,"{'criterion': 'gini', 'max_depth': 9, 'min_samples_split': 10}",,,,,,,,1
0.013274717330932616,0.000304247270637584,0.003059720993041992,0.0005738266088522676,gini,9,11,"{'criterion': 'gini', 'max_depth': 9, 'min_samples_split': 11}",,,,,,,,1
0.012927961349487305,0.0002978161053971544,0.0028760433197021484,0.0004606380470583668,gini,9,12,"{'criterion': 'gini', 'max_depth': 9, 'min_samples_split': 12}",,,,,,,,1
0.014851808547973633,0.002313531382167376,0.0038263797760009766,0.0012266723801174608,gini,9,13,"{'criterion': 'gini', 'max_depth': 9, 'min_samples_split': 13}",,,,,,,,1
0.01338348388671875,0.0005070724679078411,0.003213834762573242,0.0003943640601355068,gini,9,14,"{'criterion': 'gini', 'max_depth': 9, 'min_samples_split': 14}",,,,,,,,1
0.015971899032592773,5.747381388166429e-05,0.0032205581665039062,0.00039226083637929873,gini,10,2,"{'criterion': 'gini', 'max_depth': 10, 'min_samples_split': 2}",,,,,,,,1
0.015798091888427734,0.0004001862206623028,0.0030017852783203124,1.1680077279964343e-07,gini,10,3,"{'criterion': 'gini', 'max_depth': 10, 'min_samples_split': 3}",,,,,,,,1
0.01607685089111328,0.001109595849980372,0.0032795429229736327,0.0003911657299788129,gini,10,4,"{'criterion': 'gini', 'max_depth': 10, 'min_samples_split': 4}",,,,,,,,1
0.016007328033447267,0.0002831108582939857,0.0030153274536132814,2.7992981131473448e-05,gini,10,5,"{'criterion': 'gini', 'max_depth': 10, 'min_samples_split': 5}",,,,,,,,1
0.0153533935546875,0.0006111752904585373,0.0030878067016601564,0.00013814256399842796,gini,10,6,"{'criterion': 'gini', 'max_depth': 10, 'min_samples_split': 6}",,,,,,,,1
0.015181541442871094,0.0006104342583424428,0.0027571678161621093,0.00038750278379692,gini,10,7,"{'criterion': 'gini', 'max_depth': 10, 'min_samples_split': 7}",,,,,,,,1
0.01963181495666504,0.0023663704423311613,0.003785848617553711,0.00043034811098379365,gini,10,8,"{'criterion': 'gini', 'max_depth': 10, 'min_samples_split': 8}",,,,,,,,1
0.017596101760864256,0.0005144397321787791,0.0037830352783203127,0.0004116175458088847,gini,10,9,"{'criterion': 'gini', 'max_depth': 10, 'min_samples_split': 9}",,,,,,,,1
0.015214109420776367,0.0003936947485320853,0.0028071880340576174,0.00040320469834022153,gini,10,10,"{'criterion': 'gini', 'max_depth': 10, 'min_samples_split': 10}",,,,,,,,1
0.014796590805053711,0.00044852621151186475,0.0028017520904541015,0.0004005909675559031,gini,10,11,"{'criterion': 'gini', 'max_depth': 10, 'min_samples_split': 11}",,,,,,,,1
0.014757919311523437,0.00037211729642448656,0.0027991771697998048,0.000401723705882689,gini,10,12,"{'criterion': 'gini', 'max_depth': 10, 'min_samples_split': 12}",,,,,,,,1
0.01439199447631836,0.0004950818738465228,0.0028075695037841795,0.0004045720197065809,gini,10,13,"{'criterion': 'gini', 'max_depth': 10, 'min_samples_split': 13}",,,,,,,,1
0.014148092269897461,0.0003215796158400786,0.0030430316925048827,8.484279821571507e-05,gini,10,14,"{'criterion': 'gini', 'max_depth': 10, 'min_samples_split': 14}",,,,,,,,1
0.018808412551879882,0.00040565194256567133,0.0029992103576660157,3.207948339758713e-06,gini,11,2,"{'criterion': 'gini', 'max_depth': 11, 'min_samples_split': 2}",,,,,,,,1
0.01852130889892578,0.0004603076074436886,0.0031232833862304688,0.00015412554247428074,gini,11,3,"{'criterion': 'gini', 'max_depth': 11, 'min_samples_split': 3}",,,,,,,,1
0.018395137786865235,0.0004627539996835731,0.0028041839599609376,0.0004043493798543742,gini,11,4,"{'criterion': 'gini', 'max_depth': 11, 'min_samples_split': 4}",,,,,,,,1
0.018191194534301756,0.0004043028452105317,0.002801322937011719,0.0004006149477527637,gini,11,5,"{'criterion': 'gini', 'max_depth': 11, 'min_samples_split': 5}",,,,,,,,1
0.018440961837768555,0.0014691323283709608,0.0027672290802001954,0.00040360908289828663,gini,11,6,"{'criterion': 'gini', 'max_depth': 11, 'min_samples_split': 6}",,,,,,,,1
0.01759204864501953,0.0004825511845008997,0.002999687194824219,1.072618663711738e-06,gini,11,7,"{'criterion': 'gini', 'max_depth': 11, 'min_samples_split': 7}",,,,,,,,1
0.01723332405090332,0.0004174484620509404,0.0029152393341064452,0.0001730206503227698,gini,11,8,"{'criterion': 'gini', 'max_depth': 11, 'min_samples_split': 8}",,,,,,,,1
0.016747188568115235,0.0006248452979239537,0.002954387664794922,0.0006762749380098259,gini,11,9,"{'criterion': 'gini', 'max_depth': 11, 'min_samples_split': 9}",,,,,,,,1
0.016887187957763672,0.00016482971517289203,0.0026041984558105467,0.0004890980677822785,gini,11,10,"{'criterion': 'gini', 'max_depth': 11, 'min_samples_split': 10}",,,,,,,,1
0.01660456657409668,0.0005491323170884194,0.0028003692626953126,0.0004003806749439916,gini,11,11,"{'criterion': 'gini', 'max_depth': 11, 'min_samples_split': 11}",,,,,,,,1
0.016178607940673828,0.0003269516654809675,0.002622175216674805,0.0004970727060701017,gini,11,12,"{'criterion': 'gini', 'max_depth': 11, 'min_samples_split': 12}",,,,,,,,1
0.015825891494750978,0.00040180302227502964,0.003141021728515625,0.00022677372620719574,gini,11,13,"{'criterion': 'gini', 'max_depth': 11, 'min_samples_split': 13}",,,,,,,,1
0.015195369720458984,0.0004087390990487718,0.002799320220947266,0.0004000945757633142,gini,11,14,"{'criterion': 'gini', 'max_depth': 11, 'min_samples_split': 14}",,,,,,,,1
0.0214174747467041,0.0004992118774648612,0.002781248092651367,0.0004222138885612202,gini,12,2,"{'criterion': 'gini', 'max_depth': 12, 'min_samples_split': 2}",,,,,,,,1
0.022520923614501955,0.002706883330165283,0.003600025177001953,0.0004880541314222463,gini,12,3,"{'criterion': 'gini', 'max_depth': 12, 'min_samples_split': 3}",,,,,,,,1
0.02153644561767578,0.0014856884949738351,0.0033967018127441405,0.00047825077802926097,gini,12,4,"{'criterion': 'gini', 'max_depth': 12, 'min_samples_split': 4}",,,,,,,,1
0.021520137786865234,0.0012536019778299468,0.003199148178100586,0.0004016420471206698,gini,12,5,"{'criterion': 'gini', 'max_depth': 12, 'min_samples_split': 5}",,,,,,,,1
0.02121896743774414,0.0009827712552251736,0.0029518604278564453,6.147575789701285e-05,gini,12,6,"{'criterion': 'gini', 'max_depth': 12, 'min_samples_split': 6}",,,,,,,,1
0.01901135444641113,0.0006548054634453701,0.0027984619140625,0.0003997889751659378,gini,12,7,"{'criterion': 'gini', 'max_depth': 12, 'min_samples_split': 7}",,,,,,,,1
0.018599414825439455,0.0005363206641855018,0.0030005455017089845,2.0969994952484152e-06,gini,12,8,"{'criterion': 'gini', 'max_depth': 12, 'min_samples_split': 8}",,,,,,,,1
0.018115139007568358,0.0004780771488346737,0.0030019283294677734,9.132234572917888e-05,gini,12,9,"{'criterion': 'gini', 'max_depth': 12, 'min_samples_split': 9}",,,,,,,,1
0.018191719055175783,0.0003848568212406775,0.0030207157135009764,4.0473167221539435e-05,gini,12,10,"{'criterion': 'gini', 'max_depth': 12, 'min_samples_split': 10}",,,,,,,,1
0.016984987258911132,0.001288847973725025,0.0028694629669189452,0.00028280385757367433,gini,12,11,"{'criterion': 'gini', 'max_depth': 12, 'min_samples_split': 11}",,,,,,,,1
0.017598485946655272,0.002053419642764985,0.002802276611328125,0.00040231914431099907,gini,12,12,"{'criterion': 'gini', 'max_depth': 12, 'min_samples_split': 12}",,,,,,,,1
0.017261695861816407,0.0004821742448499417,0.002969980239868164,3.972514310123693e-05,gini,12,13,"{'criterion': 'gini', 'max_depth': 12, 'min_samples_split': 13}",,,,,,,,1
0.016424179077148438,0.00046882824843040403,0.002806425094604492,0.0004036993329429156,gini,12,14,"{'criterion': 'gini', 'max_depth': 12, 'min_samples_split': 14}",,,,,,,,1
0.023609399795532227,0.0004810117138901887,0.0029889583587646485,4.578446276922741e-05,gini,13,2,"{'criterion': 'gini', 'max_depth': 13, 'min_samples_split': 2}",,,,,,,,1
0.023395204544067384,0.00046538042711855075,0.003055858612060547,9.659388601888954e-05,gini,13,3,"{'criterion': 'gini', 'max_depth': 13, 'min_samples_split': 3}",,,,,,,,1
0.023613500595092773,0.00047174583331234575,0.0032017707824707033,0.000399452364599301,gini,13,4,"{'criterion': 'gini', 'max_depth': 13, 'min_samples_split': 4}",,,,,,,,1
0.02242288589477539,0.00047415267603920946,0.003032016754150391,6.757548052617624e-05,gini,13,5,"{'criterion': 'gini', 'max_depth': 13, 'min_samples_split': 5}",,,,,,,,1
0.021257543563842775,0.00038790386587869144,0.0030425548553466796,7.276175678823951e-05,gini,13,6,"{'criterion': 'gini', 'max_depth': 13, 'min_samples_split': 6}",,,,,,,,1
0.021408557891845703,0.00048416691153116366,0.002990913391113281,1.653765859395269e-05,gini,13,7,"{'criterion': 'gini', 'max_depth': 13, 'min_samples_split': 7}",,,,,,,,1
0.021006155014038085,2.7703541272517908e-05,0.0031896591186523437,0.0004033697284882779,gini,13,8,"{'criterion': 'gini', 'max_depth': 13, 'min_samples_split': 8}",,,,,,,,1
0.020015907287597657,8.373746553707788e-05,0.003038454055786133,3.712580744059779e-05,gini,13,9,"{'criterion': 'gini', 'max_depth': 13, 'min_samples_split': 9}",,,,,,,,1
0.02179875373840332,0.0023324936504034435,0.0033599376678466798,0.00048157971851186594,gini,13,10,"{'criterion': 'gini', 'max_depth': 13, 'min_samples_split': 10}",,,,,,,,1
0.01950182914733887,0.0006872086831409399,0.0033235073089599608,0.0005213373501891769,gini,13,11,"{'criterion': 'gini', 'max_depth': 13, 'min_samples_split': 11}",,,,,,,,1
0.01859002113342285,0.00044214079528948525,0.003470039367675781,0.0007722792639310573,gini,13,12,"{'criterion': 'gini', 'max_depth': 13, 'min_samples_split': 12}",,,,,,,,1
0.018200492858886717,0.0007409831667367187,0.0028008937835693358,0.00040555151401442383,gini,13,13,"{'criterion': 'gini', 'max_depth': 13, 'min_samples_split': 13}",,,,,,,,1
0.01781039237976074,0.0004046453273193516,0.0029874324798583986,2.3552763127197435e-05,gini,13,14,"{'criterion': 'gini', 'max_depth': 13, 'min_samples_split': 14}",,,,,,,,1
0.026714134216308593,0.0007545048975003965,0.0030066967010498047,4.991006951193189e-05,gini,14,2,"{'criterion': 'gini', 'max_depth': 14, 'min_samples_split': 2}",,,,,,,,1
0.03313002586364746,0.004956274802766984,0.004121160507202149,0.0006719808361065705,gini,14,3,"{'criterion': 'gini', 'max_depth': 14, 'min_samples_split': 3}",,,,,,,,1
0.026036834716796874,0.0012552536231913273,0.003042459487915039,7.100375883173539e-05,gini,14,4,"{'criterion': 'gini', 'max_depth': 14, 'min_samples_split': 4}",,,,,,,,1
0.024593019485473634,0.00047697348076520044,0.003082752227783203,0.000513458663782972,gini,14,5,"{'criterion': 'gini', 'max_depth': 14, 'min_samples_split': 5}",,,,,,,,1
0.023403644561767578,0.0004492070257105564,0.0031695842742919924,0.0002664833543520961,gini,14,6,"{'criterion': 'gini', 'max_depth': 14, 'min_samples_split': 6}",,,,,,,,1
0.02360844612121582,0.0008802618647392756,0.0029415130615234376,0.0006457373198217261,gini,14,7,"{'criterion': 'gini', 'max_depth': 14, 'min_samples_split': 7}",,,,,,,,1
0.025009584426879884,0.0026791258380576446,0.003191089630126953,0.0004049471057843511,gini,14,8,"{'criterion': 'gini', 'max_depth': 14, 'min_samples_split': 8}",,,,,,,,1
0.024889278411865234,0.0031181918692786796,0.0036090850830078126,0.0004789832600791298,gini,14,9,"{'criterion': 'gini', 'max_depth': 14, 'min_samples_split': 9}",,,,,,,,1
0.022751474380493165,0.0024666614032264763,0.0032004833221435545,0.0003998612206349691,gini,14,10,"{'criterion': 'gini', 'max_depth': 14, 'min_samples_split': 10}",,,,,,,,1
0.019664716720581055,0.000399719862295614,0.0026108741760253905,0.00048324206346685465,gini,14,11,"{'criterion': 'gini', 'max_depth': 14, 'min_samples_split': 11}",,,,,,,,1
0.019244050979614256,0.0004330698127094303,0.0029364109039306642,9.215035690104687e-05,gini,14,12,"{'criterion': 'gini', 'max_depth': 14, 'min_samples_split': 12}",,,,,,,,1
0.018903064727783202,0.00017463306659988085,0.0030087947845458983,1.4946696326278703e-05,gini,14,13,"{'criterion': 'gini', 'max_depth': 14, 'min_samples_split': 13}",,,,,,,,1
0.018573760986328125,0.0005122524458665261,0.0028113365173339845,0.0003973642171223875,gini,14,14,"{'criterion': 'gini', 'max_depth': 14, 'min_samples_split': 14}",,,,,,,,1
